comparable case, LT3940348
discrimination, LT8400225
maternity leave, LT2078909
public policy, LT7379042
case law, LT6671580
Appellanten, LT3045362
claim, LT5143395
Permanent residence, LT4973803
harassment, LT3459376
child protection, LT7144257
mutual obligation, LT1452361
date of termination, LT5343236
date of birth, LT7116704
cost, LT5090484
international law, LT3908707
Detriment, LT1657118
compensatory award, LT5030646
annual rate, LT8867620
employee, LT8090492
diplomatic immunity, LT7399859
notice, LT1350479
Garden leave, LT1118378
deletion policy, LT6487599
basic salary, LT5305396
dismissal, LT5306023
contractual documentation, LT1375599
compliance, LT8571647
economic entity, LT6846751
entitlement, LT7725696
chief executive officer, LT4706137
income tax, LT7231869
contractual duty, LT3290740
commission, LT3012486
enquiry, LT4941908
conciliation, LT2955615
flat rate, LT9824269
Fixed-term contract of employment, LT5295931
core allegation, LT3098562
fairness, LT9962417
case of dismissal, LT1833680
cash flow, LT9879637
disclosure, LT7862161
complaint of breach, LT6188599
grievance, LT3956239
criminal trial, LT4896752
allegation, LT8119822
remuneration, LT5312656
provision, LT3243830
conduct, LT3022611
contract worker, LT5843953
appeal, LT5527669
breach of contract, LT6375522
associative discrimination, LT4039620
employment contract, LT6737510
fair trial, LT6062865
City Council, LT4398425
anonymisation, LT8980600
bank holiday, LT7480092
comparator, LT3604700
customary law, LT1095034
Court of Justice, LT3532988
conjoined appeal, LT7808398
diplomatic agent, LT9292962
deposit, LT1770694
contributory fault, LT2625993
passport office, LT9087218
military operation, LT6433589
Disability, LT6399771
democratic society, LT4497720
agency, LT5118628
financial incentive, LT2791012
collective agreement, LT5598940
care plan, LT7658065
member state, LT7167002
credibility issue, LT8630369
equality, LT2260723
harassment, LT2136605
civil court, LT4699884
Liability, LT6253276
economic risk, LT9978656
employer, LT1522174
domestic law, LT4301281
Counsel, LT4154902
complaint of unfair dismissal, LT3309487
disciplinary action, LT5406177
disruptive behaviour, LT1893846
compulsory retirement, LT6945686
consent, LT9066970
immigration status, LT8826511
critical issue, LT5495095
competition law, LT5584554
mitigation, LT6475724
formal complaint, LT8153026
applicable law, LT4239575
Illegality, LT1514198
employment law, LT1433323
Convention, LT3977194
financial loss, LT1320536
adoption leave, LT4405564
disadvantage, LT4502990
, LT1196158
