comparable case, LT4535435
discrimination, LT8309859
maternity leave, LT2698620
public policy, LT1778014
case law, LT1896158
apellant, LT1460388
claim, LT5980870
Permanent residence, LT9956480
harassment, LT8174244
child protection, LT5776872
mutual obligation, LT5530608
date of termination, LT4750071
date of birth, LT1761777
cost, LT5341986
international law, LT6359389
detriment, LT4757801
compensatory award, LT4778489
annual rate, LT4527425
employee, LT7578468
diplomatic immunity, LT7975137
notice, LT9098469
garden leave, LT6344258
deletion policy, LT6140239
basic salary, LT4245975
dismissal, LT2292004
contractual documentation, LT3207499
compliance, LT2851580
economic entity, LT2659341
entitlement, LT8923243
chief executive officer, LT1902634
income tax, LT4885733
contractual duty, LT2792544
commission, LT6802235
enquiry, LT4634444
conciliation, LT9436472
flat rate, LT6988631
fixed term contract, LT1045718
core allegation, LT4174872
fairness, LT6099265
case of dismissal, LT8087083
cash flow, LT6794637
disclosure, LT6136999
complaint of breach, LT3332218
grievance, LT3401866
criminal trial, LT7533069
allegation, LT3538924
remuneration, LT1332122
provision, LT4448758
conduct, LT3201879
contract worker, LT8633643
appeal, LT9578666
breach of contract, LT2720246
associative discrimination, LT2532637
employment contract, LT6920610
fair trial, LT9570453
city Council, LT2362826
anonymisation, LT9852943
bank holiday, LT9609462
comparator, LT4418125
customary law, LT5450788
court of Justice, LT8560300
conjoined appeal, LT7042810
diplomatic agent, LT3991598
deposit, LT3011715
contributory fault, LT5520409
passport office, LT9654380
military operation, LT2866108
disability, LT7177341
democratic society, LT6814328
agency, LT2209322
financial incentive, LT8555171
collective agreement, LT8078274
care plan, LT1468581
member state, LT9289797
credibility issue, LT4131668
equality, LT1359444
harassment, LT1525630
civil court, LT6741521
liability, LT7624913
economic risk, LT2546961
employer, LT8849847
domestic law, LT1466200
counsel, LT1694915
complaint of unfair dismissal, LT7227744
disciplinary action, LT2358198
disruptive behaviour, LT5690787
compulsory retirement, LT5668085
consent, LT5595501
immigration status, LT7945227
critical issue, LT2116639
competition law, LT2638076
mitigation, LT9708474
formal complaint, LT6445697
applicable law, LT8116224
Illegality, LT8149376
employment law, LT6245447
convention, LT1462517
financial loss, LT9715424
adoption leave, LT4489549
disadvantage, LT2460317
gender equality, LT8879077
contractual pay, LT4009350
labour Code, LT4442212
legal personality, LT6194683
conciliation certificate, LT1992939
contractual sum, LT6479512
conjoined appeal, LT7076844
fellow worker, LT7327769
claimant, LT2964716
risk of loss, LT1738866
minimum wage, LT3574167
social worker, LT1720673
employment tribunal, LT1176979
legitimacy, LT6873024
misconduct, LT3939072
purchase agreement, LT1834188
contractor, LT6752765
notice period, LT8185849
parental leave, LT6127299
scrutiny, LT5261605
retirement, LT4500740
bereavement, LT4190789
formal procedure, LT5525878
race discrimination, LT4636930
documentary evidence, LT3866353
mutatis mutandis, LT3430052
pregnancy discrimination, LT8954143
state immunity, LT4472304
governmental authority, LT8780326
employment renewal, LT9832845
contract renewal, LT8516079
neutral stance, LT3118596
sex discrimination, LT9148079
legal team, LT7815637
commercial activity, LT7931770
employment relation, LT4805400
unlawful discrimination, LT3552417
unlawful, LT4673564
evidential burden, LT9570387
sanction, LT7405026
criticism, LT5560812
homophoby, LT7707538
homophobic comment, LT1306204
annual leave, LT4173700
financial consequence, LT6562408
deposit order, LT1526540
harassment provision, LT6791961
second amendment, LT5142034
discretion, LT3691964
governmental power, LT6764538
restructuring plan, LT5055966
anonymity, LT2366731
state tribunal, LT3231879
diplomat, LT4466123
personal profit, LT8398579
unlawful deduction, LT7175943
trial period, LT8777116
qualifying period, LT5057932
employment judge, LT4393848
appellant, LT6047991
respondent, LT5702181
contractual remmuneration, LT1913543
victimisation, LT6221946
perversity, LT1675292
non grata, LT2773076
conciliation officer, LT1999506
subsistence allowance, LT3790677
accommodation allowance, LT1625544
allowance, LT7835801
witness, LT8194530
prisoner, LT9304769
procurator, LT1252619
procurement, LT3368683
judgement, LT1095472
refusal, LT2941532
legislative objective, LT7929064
plea, LT6729475
nolo contendere, LT6087118
misbehaviour, LT4541055
ethnic minority, LT7257433
age discrimination, LT8821059
secretary of state, LT4316016
public procurator, LT6314285
civil servant, LT6736012
settlement agreement, LT1678927
apellant company, LT6570126
prima facie, LT9107963
contention, LT6666294
compliant, LT7984765
human rights, LT8590643
political interference, LT4300005
pay grade, LT7883525
evidence, LT2342275
public interest, LT7916621
formal communication, LT6302240
settlement, LT8133003
employers' organization, LT1253282
gender imbalance, LT6588965
EU union member, LT9121898
fundamental rights, LT9934757
maternity allowance, LT2318708
disability discrimination, LT6629519
ableism, LT5633787
mandatory retiremnet, LT2592013
affiliate, LT5912985
act of God, LT8546994
articles of association, LT6661272
damage, LT3586144
eviction, LT3917430
imfemnify, LT3359686
jurisdiction, LT9427726
magistrate, LT6494008
offense, LT1278031
representation, LT7366037
section, LT6284251
termination, LT8695069
action, LT7363850
legal instrument, LT9977655
sickness absencence, LT9453054
overtime, LT8367697
premission, LT5460546
social policy, LT2640158
employment right, LT8855766
sensitive information, LT2478594
civil proceeding, LT7670879
hearing, LT8658097
paid leave, LT2379418
sick leave, LT9997972
labor relations, LT5437567
assessor, LT3610412
public defender, LT2932013
federal judge, LT5431920
prosecutor, LT1193873
labour law specialist, LT3425992
civil lawyer, LT3422177
administrative lawyer, LT4064954
trial lawyer, LT7929062
court president, LT8212051
ratification, LT7226847
procedural immunity, LT5148563
reconsideration judgement, LT9776008
domestic dispute, LT1841802
professional advice, LT8692293
security clearance, LT4271908
security committee, LT1944909
financial management, LT4647998
diligence, LT7412818
racial group, LT1540275
disabled person, LT9711358
paralegal, LT2891840
statuory, LT7987523
civil procedure, LT6143307
deletion policy, LT4948286
legal practitioner, LT7475583
sexual orientation, LT2269060
unfair dismissal, LT1491844
appeal panel, LT3295494
amercement, LT6457831
criminal sanction, LT8620625
code of conduct, LT8525133
persona non grata, LT5312031
diplomatic mission, LT2070945
diplomatic priviledge, LT5098634
trade office, LT4298198
bargaining power, LT6940932
disabled person, LT1660105
economic investment, LT3682936
solicitor, LT9046038
disincentive, LT9521110
aggravation, LT1185457
Human Rights Commision, LT2805125
appeal , LT5598843
grounds of appeal, LT3659260
resolution, LT8120611
bullying, LT5109820
administrative lawyer, LT9193641
civil jurisdiciton, LT3860768
evidential role, LT2826790
judicial pension, LT4526567
statuory instrument, LT8222389
temporaty work, LT6112277
work agency, LT1467331
wrongdoing, LT7074906
wrongdoing policy, LT1661486
economic policy, LT4465995
liasion, LT1213754
perjudice, LT6253066
injustice, LT3492161
point of law, LT1441144
domestic worker, LT7191746
tribunal, LT6309443
lip service, LT8017134
statuory jurisdiction, LT8548115
pursuant, LT6574733
trade union, LT5245983
sole trader, LT4481645
sole shareholder, LT9543246
sole operator, LT6065452
mutual agreement, LT3901992
harassment policy, LT1731758
